"p","nut","k","omega","U:0","U:1","U:2","h","Points:0","Points:1","Points:2"
1.58167e-03,0.00000e+00,2.97831e-06,9.13218e+02,0.00000e+00,0.00000e+00,0.00000e+00,1.61230e-02,0.00000e+00,0.00000e+00,0.00000e+00
1.57936e-03,0.00000e+00,2.94766e-06,9.17323e+02,0.00000e+00,0.00000e+00,0.00000e+00,1.60995e-02,1.52020e-03,2.38114e-04,0.00000e+00
1.57936e-03,0.00000e+00,2.94766e-06,9.17323e+02,0.00000e+00,0.00000e+00,0.00000e+00,1.60995e-02,1.52020e-03,2.38114e-04,2.90000e-01
1.58167e-03,0.00000e+00,2.97831e-06,9.13218e+02,0.00000e+00,0.00000e+00,0.00000e+00,1.61230e-02,0.00000e+00,0.00000e+00,2.90000e-01
1.57119e-03,0.00000e+00,2.92186e-06,9.25674e+02,0.00000e+00,0.00000e+00,0.00000e+00,1.60163e-02,3.03742e-03,4.94608e-04,0.00000e+00
1.57119e-03,0.00000e+00,2.92186e-06,9.25674e+02,0.00000e+00,0.00000e+00,0.00000e+00,1.60163e-02,3.03742e-03,4.94608e-04,2.90000e-01
1.55496e-03,0.00000e+00,2.93858e-06,9.34253e+02,0.00000e+00,0.00000e+00,0.00000e+00,1.58508e-02,4.55178e-03,7.67513e-04,0.00000e+00
1.55496e-03,0.00000e+00,2.93858e-06,9.34253e+02,0.00000e+00,0.00000e+00,0.00000e+00,1.58508e-02,4.55178e-03,7.67513e-04,2.90000e-01
1.52917e-03,0.00000e+00,2.96181e-06,9.42955e+02,0.00000e+00,0.00000e+00,0.00000e+00,1.55879e-02,6.06345e-03,1.05490e-03,0.00000e+00
1.52917e-03,0.00000e+00,2.96181e-06,9.42955e+02,0.00000e+00,0.00000e+00,0.00000e+00,1.55879e-02,6.06345e-03,1.05490e-03,2.90000e-01
1.49291e-03,0.00000e+00,2.98794e-06,9.51696e+02,0.00000e+00,0.00000e+00,0.00000e+00,1.52182e-02,7.57267e-03,1.35487e-03,0.00000e+00
1.49291e-03,0.00000e+00,2.98794e-06,9.51696e+02,0.00000e+00,0.00000e+00,0.00000e+00,1.52182e-02,7.57267e-03,1.35487e-03,2.90000e-01
1.44548e-03,0.00000e+00,3.01143e-06,9.60407e+02,0.00000e+00,0.00000e+00,0.00000e+00,1.47347e-02,9.07973e-03,1.66558e-03,0.00000e+00
1.44548e-03,0.00000e+00,3.01143e-06,9.60407e+02,0.00000e+00,0.00000e+00,0.00000e+00,1.47347e-02,9.07973e-03,1.66558e-03,2.90000e-01
1.38639e-03,0.00000e+00,3.03022e-06,9.68983e+02,0.00000e+00,0.00000e+00,0.00000e+00,1.41324e-02,1.05849e-02,1.98519e-03,0.00000e+00
1.38639e-03,0.00000e+00,3.03022e-06,9.68983e+02,0.00000e+00,0.00000e+00,0.00000e+00,1.41324e-02,1.05849e-02,1.98519e-03,2.90000e-01
1.31539e-03,0.00000e+00,3.03941e-06,9.77330e+02,0.00000e+00,0.00000e+00,0.00000e+00,1.34087e-02,1.20886e-02,2.31190e-03,0.00000e+00
1.31539e-03,0.00000e+00,3.03941e-06,9.77330e+02,0.00000e+00,0.00000e+00,0.00000e+00,1.34087e-02,1.20886e-02,2.31190e-03,2.90000e-01
1.23241e-03,0.00000e+00,3.04422e-06,9.85422e+02,0.00000e+00,0.00000e+00,0.00000e+00,1.25628e-02,1.35911e-02,2.64395e-03,0.00000e+00
1.23241e-03,0.00000e+00,3.04422e-06,9.85422e+02,0.00000e+00,0.00000e+00,0.00000e+00,1.25628e-02,1.35911e-02,2.64395e-03,2.90000e-01
1.13755e-03,0.00000e+00,3.04765e-06,9.93203e+02,0.00000e+00,0.00000e+00,0.00000e+00,1.15958e-02,1.50928e-02,2.97956e-03,0.00000e+00
1.13755e-03,0.00000e+00,3.04765e-06,9.93203e+02,0.00000e+00,0.00000e+00,0.00000e+00,1.15958e-02,1.50928e-02,2.97956e-03,2.90000e-01
1.03101e-03,0.00000e+00,3.03993e-06,1.00059e+03,0.00000e+00,0.00000e+00,0.00000e+00,1.05098e-02,1.65941e-02,3.31700e-03,0.00000e+00
1.03101e-03,0.00000e+00,3.03993e-06,1.00059e+03,0.00000e+00,0.00000e+00,0.00000e+00,1.05098e-02,1.65941e-02,3.31700e-03,2.90000e-01
9.13116e-04,0.00000e+00,3.02948e-06,1.00757e+03,0.00000e+00,0.00000e+00,0.00000e+00,9.30801e-03,1.80954e-02,3.65453e-03,0.00000e+00
9.13116e-04,0.00000e+00,3.02948e-06,1.00757e+03,0.00000e+00,0.00000e+00,0.00000e+00,9.30801e-03,1.80954e-02,3.65453e-03,2.90000e-01
7.84434e-04,0.00000e+00,3.01704e-06,1.01406e+03,0.00000e+00,0.00000e+00,0.00000e+00,7.99627e-03,1.95970e-02,3.99040e-03,0.00000e+00
7.84434e-04,0.00000e+00,3.01704e-06,1.01406e+03,0.00000e+00,0.00000e+00,0.00000e+00,7.99627e-03,1.95970e-02,3.99040e-03,2.90000e-01
6.45470e-04,0.00000e+00,3.00433e-06,1.02002e+03,0.00000e+00,0.00000e+00,0.00000e+00,6.57971e-03,2.10994e-02,4.32287e-03,0.00000e+00
6.45470e-04,0.00000e+00,3.00433e-06,1.02002e+03,0.00000e+00,0.00000e+00,0.00000e+00,6.57971e-03,2.10994e-02,4.32287e-03,2.90000e-01
4.97490e-04,0.00000e+00,2.99406e-06,1.02538e+03,0.00000e+00,0.00000e+00,0.00000e+00,5.07125e-03,2.26030e-02,4.65017e-03,0.00000e+00
4.97490e-04,0.00000e+00,2.99406e-06,1.02538e+03,0.00000e+00,0.00000e+00,0.00000e+00,5.07125e-03,2.26030e-02,4.65017e-03,2.90000e-01
3.42937e-04,0.00000e+00,2.98676e-06,1.03018e+03,0.00000e+00,0.00000e+00,0.00000e+00,3.49579e-03,2.41080e-02,4.97055e-03,0.00000e+00
3.42937e-04,0.00000e+00,2.98676e-06,1.03018e+03,0.00000e+00,0.00000e+00,0.00000e+00,3.49579e-03,2.41080e-02,4.97055e-03,2.90000e-01
1.82933e-04,0.00000e+00,2.96639e-06,1.03443e+03,0.00000e+00,0.00000e+00,0.00000e+00,1.86477e-03,2.56149e-02,5.28219e-03,0.00000e+00
1.82933e-04,0.00000e+00,2.96639e-06,1.03443e+03,0.00000e+00,0.00000e+00,0.00000e+00,1.86477e-03,2.56149e-02,5.28219e-03,2.90000e-01
1.72880e-05,0.00000e+00,2.91815e-06,1.03806e+03,0.00000e+00,0.00000e+00,0.00000e+00,1.76228e-04,2.71239e-02,5.58329e-03,0.00000e+00
1.72880e-05,0.00000e+00,2.91815e-06,1.03806e+03,0.00000e+00,0.00000e+00,0.00000e+00,1.76228e-04,2.71239e-02,5.58329e-03,2.90000e-01
-1.54363e-04,0.00000e+00,2.85204e-06,1.04107e+03,0.00000e+00,0.00000e+00,0.00000e+00,-1.57353e-03,2.86353e-02,5.87197e-03,0.00000e+00
-1.54363e-04,0.00000e+00,2.85204e-06,1.04107e+03,0.00000e+00,0.00000e+00,0.00000e+00,-1.57353e-03,2.86353e-02,5.87197e-03,2.90000e-01
-3.31012e-04,0.00000e+00,2.77888e-06,1.04351e+03,0.00000e+00,0.00000e+00,0.00000e+00,-3.37423e-03,3.01494e-02,6.14636e-03,0.00000e+00
-3.31012e-04,0.00000e+00,2.77888e-06,1.04351e+03,0.00000e+00,0.00000e+00,0.00000e+00,-3.37423e-03,3.01494e-02,6.14636e-03,2.90000e-01
-5.08279e-04,0.00000e+00,2.70010e-06,1.04535e+03,0.00000e+00,0.00000e+00,0.00000e+00,-5.18124e-03,3.16663e-02,6.40452e-03,0.00000e+00
-5.08279e-04,0.00000e+00,2.70010e-06,1.04535e+03,0.00000e+00,0.00000e+00,0.00000e+00,-5.18124e-03,3.16663e-02,6.40452e-03,2.90000e-01
-6.81871e-04,0.00000e+00,2.60974e-06,1.04667e+03,0.00000e+00,0.00000e+00,0.00000e+00,-6.95078e-03,3.31863e-02,6.64451e-03,0.00000e+00
-6.81871e-04,0.00000e+00,2.60974e-06,1.04667e+03,0.00000e+00,0.00000e+00,0.00000e+00,-6.95078e-03,3.31863e-02,6.64451e-03,2.90000e-01
-8.48868e-04,0.00000e+00,2.50760e-06,1.04752e+03,0.00000e+00,0.00000e+00,0.00000e+00,-8.65308e-03,3.47092e-02,6.86429e-03,0.00000e+00
-8.48868e-04,0.00000e+00,2.50760e-06,1.04752e+03,0.00000e+00,0.00000e+00,0.00000e+00,-8.65308e-03,3.47092e-02,6.86429e-03,2.90000e-01
-1.00369e-03,0.00000e+00,2.41257e-06,1.04797e+03,0.00000e+00,0.00000e+00,0.00000e+00,-1.02313e-02,3.62352e-02,7.06185e-03,0.00000e+00
-1.00369e-03,0.00000e+00,2.41257e-06,1.04797e+03,0.00000e+00,0.00000e+00,0.00000e+00,-1.02313e-02,3.62352e-02,7.06185e-03,2.90000e-01
-1.14323e-03,0.00000e+00,2.30843e-06,1.04810e+03,0.00000e+00,0.00000e+00,0.00000e+00,-1.16537e-02,3.77641e-02,7.23511e-03,0.00000e+00
-1.14323e-03,0.00000e+00,2.30843e-06,1.04810e+03,0.00000e+00,0.00000e+00,0.00000e+00,-1.16537e-02,3.77641e-02,7.23511e-03,2.90000e-01
-1.26601e-03,0.00000e+00,2.16645e-06,1.04799e+03,0.00000e+00,0.00000e+00,0.00000e+00,-1.29053e-02,3.92958e-02,7.38198e-03,0.00000e+00
-1.26601e-03,0.00000e+00,2.16645e-06,1.04799e+03,0.00000e+00,0.00000e+00,0.00000e+00,-1.29053e-02,3.92958e-02,7.38198e-03,2.90000e-01
-1.36782e-03,0.00000e+00,1.98251e-06,1.04774e+03,0.00000e+00,0.00000e+00,0.00000e+00,-1.39432e-02,4.08300e-02,7.50035e-03,0.00000e+00
-1.36782e-03,0.00000e+00,1.98251e-06,1.04774e+03,0.00000e+00,0.00000e+00,0.00000e+00,-1.39432e-02,4.08300e-02,7.50035e-03,2.90000e-01
-1.44499e-03,0.00000e+00,1.75915e-06,1.04746e+03,0.00000e+00,0.00000e+00,0.00000e+00,-1.47297e-02,4.23662e-02,7.58810e-03,0.00000e+00
-1.44499e-03,0.00000e+00,1.75915e-06,1.04746e+03,0.00000e+00,0.00000e+00,0.00000e+00,-1.47297e-02,4.23662e-02,7.58810e-03,2.90000e-01
-1.49474e-03,0.00000e+00,1.50619e-06,1.04728e+03,0.00000e+00,0.00000e+00,0.00000e+00,-1.52369e-02,4.39040e-02,7.64314e-03,0.00000e+00
-1.49474e-03,0.00000e+00,1.50619e-06,1.04728e+03,0.00000e+00,0.00000e+00,0.00000e+00,-1.52369e-02,4.39040e-02,7.64314e-03,2.90000e-01
-1.51605e-03,0.00000e+00,1.23643e-06,1.04732e+03,0.00000e+00,0.00000e+00,0.00000e+00,-1.54542e-02,4.54426e-02,7.66339e-03,0.00000e+00
-1.51605e-03,0.00000e+00,1.23643e-06,1.04732e+03,0.00000e+00,0.00000e+00,0.00000e+00,-1.54542e-02,4.54426e-02,7.66339e-03,2.90000e-01
-1.50989e-03,0.00000e+00,9.67544e-07,1.04779e+03,0.00000e+00,0.00000e+00,0.00000e+00,-1.53913e-02,4.69812e-02,7.64687e-03,0.00000e+00
-1.50989e-03,0.00000e+00,9.67544e-07,1.04779e+03,0.00000e+00,0.00000e+00,0.00000e+00,-1.53913e-02,4.69812e-02,7.64687e-03,2.90000e-01
-1.47880e-03,0.00000e+00,7.18701e-07,1.04881e+03,0.00000e+00,0.00000e+00,0.00000e+00,-1.50744e-02,4.85189e-02,7.59163e-03,0.00000e+00
-1.47880e-03,0.00000e+00,7.18701e-07,1.04881e+03,0.00000e+00,0.00000e+00,0.00000e+00,-1.50744e-02,4.85189e-02,7.59163e-03,2.90000e-01
-1.42289e-03,0.00000e+00,5.07568e-07,1.05114e+03,0.00000e+00,0.00000e+00,0.00000e+00,-1.45045e-02,5.00546e-02,7.49586e-03,0.00000e+00
-1.42289e-03,0.00000e+00,5.07568e-07,1.05114e+03,0.00000e+00,0.00000e+00,0.00000e+00,-1.45045e-02,5.00546e-02,7.49586e-03,2.90000e-01
-1.33096e-03,0.00000e+00,3.34906e-07,1.05571e+03,0.00000e+00,0.00000e+00,0.00000e+00,-1.35674e-02,5.15861e-02,7.34780e-03,0.00000e+00
-1.33096e-03,0.00000e+00,3.34906e-07,1.05571e+03,0.00000e+00,0.00000e+00,0.00000e+00,-1.35674e-02,5.15861e-02,7.34780e-03,2.90000e-01
-1.20305e-03,0.00000e+00,2.03196e-07,1.06188e+03,0.00000e+00,0.00000e+00,0.00000e+00,-1.22635e-02,5.31109e-02,7.14145e-03,0.00000e+00
-1.20305e-03,0.00000e+00,2.03196e-07,1.06188e+03,0.00000e+00,0.00000e+00,0.00000e+00,-1.22635e-02,5.31109e-02,7.14145e-03,2.90000e-01
-1.07757e-03,0.00000e+00,1.14493e-07,1.06849e+03,0.00000e+00,0.00000e+00,0.00000e+00,-1.09844e-02,5.46275e-02,6.88169e-03,0.00000e+00
-1.07757e-03,0.00000e+00,1.14493e-07,1.06849e+03,0.00000e+00,0.00000e+00,0.00000e+00,-1.09844e-02,5.46275e-02,6.88169e-03,2.90000e-01
-9.80382e-04,0.00000e+00,6.24255e-08,1.07506e+03,0.00000e+00,0.00000e+00,0.00000e+00,-9.99370e-03,5.61350e-02,6.57333e-03,0.00000e+00
-9.80382e-04,0.00000e+00,6.24255e-08,1.07506e+03,0.00000e+00,0.00000e+00,0.00000e+00,-9.99370e-03,5.61350e-02,6.57333e-03,2.90000e-01
-9.03219e-04,0.00000e+00,3.50871e-08,1.08116e+03,0.00000e+00,0.00000e+00,0.00000e+00,-9.20712e-03,5.76328e-02,6.22108e-03,0.00000e+00
-9.03219e-04,0.00000e+00,3.50871e-08,1.08116e+03,0.00000e+00,0.00000e+00,0.00000e+00,-9.20712e-03,5.76328e-02,6.22108e-03,2.90000e-01
-8.43197e-04,0.00000e+00,2.04358e-08,1.08639e+03,0.00000e+00,0.00000e+00,0.00000e+00,-8.59528e-03,5.91208e-02,5.82946e-03,0.00000e+00
-8.43197e-04,0.00000e+00,2.04358e-08,1.08639e+03,0.00000e+00,0.00000e+00,0.00000e+00,-8.59528e-03,5.91208e-02,5.82946e-03,2.90000e-01
-7.98828e-04,0.00000e+00,1.29529e-08,1.09043e+03,0.00000e+00,0.00000e+00,0.00000e+00,-8.14299e-03,6.05992e-02,5.40276e-03,0.00000e+00
-7.98828e-04,0.00000e+00,1.29529e-08,1.09043e+03,0.00000e+00,0.00000e+00,0.00000e+00,-8.14299e-03,6.05992e-02,5.40276e-03,2.90000e-01
-7.64642e-04,0.00000e+00,9.46547e-09,1.09307e+03,0.00000e+00,0.00000e+00,0.00000e+00,-7.79452e-03,6.20683e-02,4.94506e-03,0.00000e+00
-7.64642e-04,0.00000e+00,9.46547e-09,1.09307e+03,0.00000e+00,0.00000e+00,0.00000e+00,-7.79452e-03,6.20683e-02,4.94506e-03,2.90000e-01
-7.37651e-04,0.00000e+00,7.84765e-09,1.09416e+03,0.00000e+00,0.00000e+00,0.00000e+00,-7.51938e-03,6.35287e-02,4.46021e-03,0.00000e+00
-7.37651e-04,0.00000e+00,7.84765e-09,1.09416e+03,0.00000e+00,0.00000e+00,0.00000e+00,-7.51938e-03,6.35287e-02,4.46021e-03,2.90000e-01
-7.15384e-04,0.00000e+00,7.02437e-09,1.09350e+03,0.00000e+00,0.00000e+00,0.00000e+00,-7.29240e-03,6.49810e-02,3.95182e-03,0.00000e+00
-7.15384e-04,0.00000e+00,7.02437e-09,1.09350e+03,0.00000e+00,0.00000e+00,0.00000e+00,-7.29240e-03,6.49810e-02,3.95182e-03,2.90000e-01
-6.96463e-04,0.00000e+00,6.07948e-09,1.09101e+03,0.00000e+00,0.00000e+00,0.00000e+00,-7.09952e-03,6.64261e-02,3.42328e-03,0.00000e+00
-6.96463e-04,0.00000e+00,6.07948e-09,1.09101e+03,0.00000e+00,0.00000e+00,0.00000e+00,-7.09952e-03,6.64261e-02,3.42328e-03,2.90000e-01
-6.79698e-04,0.00000e+00,5.25569e-09,1.08674e+03,0.00000e+00,0.00000e+00,0.00000e+00,-6.92863e-03,6.78649e-02,2.87783e-03,0.00000e+00
-6.79698e-04,0.00000e+00,5.25569e-09,1.08674e+03,0.00000e+00,0.00000e+00,0.00000e+00,-6.92863e-03,6.78649e-02,2.87783e-03,2.90000e-01
-6.64062e-04,0.00000e+00,4.77417e-09,1.08074e+03,0.00000e+00,0.00000e+00,0.00000e+00,-6.76924e-03,6.92984e-02,2.31853e-03,0.00000e+00
-6.64062e-04,0.00000e+00,4.77417e-09,1.08074e+03,0.00000e+00,0.00000e+00,0.00000e+00,-6.76924e-03,6.92984e-02,2.31853e-03,2.90000e-01
-6.48823e-04,0.00000e+00,4.48760e-09,1.07304e+03,0.00000e+00,0.00000e+00,0.00000e+00,-6.61389e-03,7.07276e-02,1.74831e-03,0.00000e+00
-6.48823e-04,0.00000e+00,4.48760e-09,1.07304e+03,0.00000e+00,0.00000e+00,0.00000e+00,-6.61389e-03,7.07276e-02,1.74831e-03,2.90000e-01
-6.33683e-04,0.00000e+00,4.17636e-09,1.06361e+03,0.00000e+00,0.00000e+00,0.00000e+00,-6.45956e-03,7.21536e-02,1.17000e-03,0.00000e+00
-6.33683e-04,0.00000e+00,4.17636e-09,1.06361e+03,0.00000e+00,0.00000e+00,0.00000e+00,-6.45956e-03,7.21536e-02,1.17000e-03,2.90000e-01
-6.18716e-04,0.00000e+00,3.75827e-09,1.05256e+03,0.00000e+00,0.00000e+00,0.00000e+00,-6.30699e-03,7.35773e-02,5.86331e-04,0.00000e+00
-6.18716e-04,0.00000e+00,3.75827e-09,1.05256e+03,0.00000e+00,0.00000e+00,0.00000e+00,-6.30699e-03,7.35773e-02,5.86331e-04,2.90000e-01
-6.04024e-04,0.00000e+00,3.38823e-09,1.04012e+03,0.00000e+00,0.00000e+00,0.00000e+00,-6.15722e-03,7.50000e-02,9.54176e-14,0.00000e+00
-6.04024e-04,0.00000e+00,3.38823e-09,1.04012e+03,0.00000e+00,0.00000e+00,0.00000e+00,-6.15722e-03,7.50000e-02,9.54176e-14,2.90000e-01
-5.89767e-04,0.00000e+00,3.18336e-09,1.02632e+03,0.00000e+00,0.00000e+00,0.00000e+00,-6.01190e-03,7.64227e-02,-5.86331e-04,0.00000e+00
-5.89767e-04,0.00000e+00,3.18336e-09,1.02632e+03,0.00000e+00,0.00000e+00,0.00000e+00,-6.01190e-03,7.64227e-02,-5.86331e-04,2.90000e-01
-5.76044e-04,0.00000e+00,3.12158e-09,1.01123e+03,0.00000e+00,0.00000e+00,0.00000e+00,-5.87201e-03,7.78464e-02,-1.17000e-03,0.00000e+00
-5.76044e-04,0.00000e+00,3.12158e-09,1.01123e+03,0.00000e+00,0.00000e+00,0.00000e+00,-5.87201e-03,7.78464e-02,-1.17000e-03,2.90000e-01
-5.62886e-04,0.00000e+00,3.18101e-09,9.95165e+02,0.00000e+00,0.00000e+00,0.00000e+00,-5.73788e-03,7.92724e-02,-1.74831e-03,0.00000e+00
-5.62886e-04,0.00000e+00,3.18101e-09,9.95165e+02,0.00000e+00,0.00000e+00,0.00000e+00,-5.73788e-03,7.92724e-02,-1.74831e-03,2.90000e-01
-5.50277e-04,0.00000e+00,3.39553e-09,9.78205e+02,0.00000e+00,0.00000e+00,0.00000e+00,-5.60935e-03,8.07016e-02,-2.31853e-03,0.00000e+00
-5.50277e-04,0.00000e+00,3.39553e-09,9.78205e+02,0.00000e+00,0.00000e+00,0.00000e+00,-5.60935e-03,8.07016e-02,-2.31853e-03,2.90000e-01
-5.38169e-04,0.00000e+00,3.80716e-09,9.60459e+02,0.00000e+00,0.00000e+00,0.00000e+00,-5.48592e-03,8.21351e-02,-2.87783e-03,0.00000e+00
-5.38169e-04,0.00000e+00,3.80716e-09,9.60459e+02,0.00000e+00,0.00000e+00,0.00000e+00,-5.48592e-03,8.21351e-02,-2.87783e-03,2.90000e-01
-5.26446e-04,0.00000e+00,4.43084e-09,9.42124e+02,0.00000e+00,0.00000e+00,0.00000e+00,-5.36642e-03,8.35739e-02,-3.42328e-03,0.00000e+00
-5.26446e-04,0.00000e+00,4.43084e-09,9.42124e+02,0.00000e+00,0.00000e+00,0.00000e+00,-5.36642e-03,8.35739e-02,-3.42328e-03,2.90000e-01
-5.14961e-04,0.00000e+00,5.34151e-09,9.23419e+02,0.00000e+00,0.00000e+00,0.00000e+00,-5.24935e-03,8.50190e-02,-3.95182e-03,0.00000e+00
-5.14961e-04,0.00000e+00,5.34151e-09,9.23419e+02,0.00000e+00,0.00000e+00,0.00000e+00,-5.24935e-03,8.50190e-02,-3.95182e-03,2.90000e-01
-5.03567e-04,0.00000e+00,6.64097e-09,9.04599e+02,0.00000e+00,0.00000e+00,0.00000e+00,-5.13320e-03,8.64713e-02,-4.46021e-03,0.00000e+00
-5.03567e-04,0.00000e+00,6.64097e-09,9.04599e+02,0.00000e+00,0.00000e+00,0.00000e+00,-5.13320e-03,8.64713e-02,-4.46021e-03,2.90000e-01
-4.92102e-04,0.00000e+00,8.45060e-09,8.85846e+02,0.00000e+00,0.00000e+00,0.00000e+00,-5.01633e-03,8.79317e-02,-4.94506e-03,0.00000e+00
-4.92102e-04,0.00000e+00,8.45060e-09,8.85846e+02,0.00000e+00,0.00000e+00,0.00000e+00,-5.01633e-03,8.79317e-02,-4.94506e-03,2.90000e-01
-4.80392e-04,0.00000e+00,1.09537e-08,8.67363e+02,0.00000e+00,0.00000e+00,0.00000e+00,-4.89696e-03,8.94008e-02,-5.40276e-03,0.00000e+00
-4.80392e-04,0.00000e+00,1.09537e-08,8.67363e+02,0.00000e+00,0.00000e+00,0.00000e+00,-4.89696e-03,8.94008e-02,-5.40276e-03,2.90000e-01
-4.68254e-04,0.00000e+00,1.43279e-08,8.49424e+02,0.00000e+00,0.00000e+00,0.00000e+00,-4.77323e-03,9.08792e-02,-5.82946e-03,0.00000e+00
-4.68254e-04,0.00000e+00,1.43279e-08,8.49424e+02,0.00000e+00,0.00000e+00,0.00000e+00,-4.77323e-03,9.08792e-02,-5.82946e-03,2.90000e-01
-4.55526e-04,0.00000e+00,1.86651e-08,8.32307e+02,0.00000e+00,0.00000e+00,0.00000e+00,-4.64348e-03,9.23672e-02,-6.22108e-03,0.00000e+00
-4.55526e-04,0.00000e+00,1.86651e-08,8.32307e+02,0.00000e+00,0.00000e+00,0.00000e+00,-4.64348e-03,9.23672e-02,-6.22108e-03,2.90000e-01
-4.42115e-04,0.00000e+00,2.40486e-08,8.16317e+02,0.00000e+00,0.00000e+00,0.00000e+00,-4.50677e-03,9.38650e-02,-6.57333e-03,0.00000e+00
-4.42115e-04,0.00000e+00,2.40486e-08,8.16317e+02,0.00000e+00,0.00000e+00,0.00000e+00,-4.50677e-03,9.38650e-02,-6.57333e-03,2.90000e-01
-4.27993e-04,0.00000e+00,3.05613e-08,8.01806e+02,0.00000e+00,0.00000e+00,0.00000e+00,-4.36282e-03,9.53725e-02,-6.88169e-03,0.00000e+00
-4.27993e-04,0.00000e+00,3.05613e-08,8.01806e+02,0.00000e+00,0.00000e+00,0.00000e+00,-4.36282e-03,9.53725e-02,-6.88169e-03,2.90000e-01
-4.13253e-04,0.00000e+00,3.85857e-08,7.89161e+02,0.00000e+00,0.00000e+00,0.00000e+00,-4.21257e-03,9.68891e-02,-7.14145e-03,0.00000e+00
-4.13253e-04,0.00000e+00,3.85857e-08,7.89161e+02,0.00000e+00,0.00000e+00,0.00000e+00,-4.21257e-03,9.68891e-02,-7.14145e-03,2.90000e-01
-3.98165e-04,0.00000e+00,4.86294e-08,7.78789e+02,0.00000e+00,0.00000e+00,0.00000e+00,-4.05877e-03,9.84139e-02,-7.34780e-03,0.00000e+00
-3.98165e-04,0.00000e+00,4.86294e-08,7.78789e+02,0.00000e+00,0.00000e+00,0.00000e+00,-4.05877e-03,9.84139e-02,-7.34780e-03,2.90000e-01
-3.82469e-04,0.00000e+00,6.31207e-08,7.71428e+02,0.00000e+00,0.00000e+00,0.00000e+00,-3.89877e-03,9.99454e-02,-7.49586e-03,0.00000e+00
-3.82469e-04,0.00000e+00,6.31207e-08,7.71428e+02,0.00000e+00,0.00000e+00,0.00000e+00,-3.89877e-03,9.99454e-02,-7.49586e-03,2.90000e-01
-3.64948e-04,0.00000e+00,8.23336e-08,7.67159e+02,0.00000e+00,0.00000e+00,0.00000e+00,-3.72016e-03,1.01481e-01,-7.59163e-03,0.00000e+00
-3.64948e-04,0.00000e+00,8.23336e-08,7.67159e+02,0.00000e+00,0.00000e+00,0.00000e+00,-3.72016e-03,1.01481e-01,-7.59163e-03,2.90000e-01
-3.44761e-04,0.00000e+00,1.06749e-07,7.65069e+02,0.00000e+00,0.00000e+00,0.00000e+00,-3.51438e-03,1.03019e-01,-7.64687e-03,0.00000e+00
-3.44761e-04,0.00000e+00,1.06749e-07,7.65069e+02,0.00000e+00,0.00000e+00,0.00000e+00,-3.51438e-03,1.03019e-01,-7.64687e-03,2.90000e-01
-3.21659e-04,0.00000e+00,1.36292e-07,7.64568e+02,0.00000e+00,0.00000e+00,0.00000e+00,-3.27888e-03,1.04557e-01,-7.66339e-03,0.00000e+00
-3.21659e-04,0.00000e+00,1.36292e-07,7.64568e+02,0.00000e+00,0.00000e+00,0.00000e+00,-3.27888e-03,1.04557e-01,-7.66339e-03,2.90000e-01
-2.95210e-04,0.00000e+00,1.72435e-07,7.65524e+02,0.00000e+00,0.00000e+00,0.00000e+00,-3.00928e-03,1.06096e-01,-7.64314e-03,0.00000e+00
-2.95210e-04,0.00000e+00,1.72435e-07,7.65524e+02,0.00000e+00,0.00000e+00,0.00000e+00,-3.00928e-03,1.06096e-01,-7.64314e-03,2.90000e-01
-2.64958e-04,0.00000e+00,2.16913e-07,7.67589e+02,0.00000e+00,0.00000e+00,0.00000e+00,-2.70090e-03,1.07634e-01,-7.58810e-03,0.00000e+00
-2.64958e-04,0.00000e+00,2.16913e-07,7.67589e+02,0.00000e+00,0.00000e+00,0.00000e+00,-2.70090e-03,1.07634e-01,-7.58810e-03,2.90000e-01
-2.30440e-04,0.00000e+00,2.69962e-07,7.70654e+02,0.00000e+00,0.00000e+00,0.00000e+00,-2.34903e-03,1.09170e-01,-7.50035e-03,0.00000e+00
-2.30440e-04,0.00000e+00,2.69962e-07,7.70654e+02,0.00000e+00,0.00000e+00,0.00000e+00,-2.34903e-03,1.09170e-01,-7.50035e-03,2.90000e-01
-1.91148e-04,0.00000e+00,3.33487e-07,7.74793e+02,0.00000e+00,0.00000e+00,0.00000e+00,-1.94850e-03,1.10704e-01,-7.38198e-03,0.00000e+00
-1.91148e-04,0.00000e+00,3.33487e-07,7.74793e+02,0.00000e+00,0.00000e+00,0.00000e+00,-1.94850e-03,1.10704e-01,-7.38198e-03,2.90000e-01
-1.46577e-04,0.00000e+00,4.08564e-07,7.79571e+02,0.00000e+00,0.00000e+00,0.00000e+00,-1.49416e-03,1.12236e-01,-7.23511e-03,0.00000e+00
-1.46577e-04,0.00000e+00,4.08564e-07,7.79571e+02,0.00000e+00,0.00000e+00,0.00000e+00,-1.49416e-03,1.12236e-01,-7.23511e-03,2.90000e-01
-9.62378e-05,0.00000e+00,4.97224e-07,7.84969e+02,0.00000e+00,0.00000e+00,0.00000e+00,-9.81017e-04,1.13765e-01,-7.06185e-03,0.00000e+00
-9.62378e-05,0.00000e+00,4.97224e-07,7.84969e+02,0.00000e+00,0.00000e+00,0.00000e+00,-9.81017e-04,1.13765e-01,-7.06185e-03,2.90000e-01
-3.96739e-05,0.00000e+00,6.00979e-07,7.91070e+02,0.00000e+00,0.00000e+00,0.00000e+00,-4.04423e-04,1.15291e-01,-6.86429e-03,0.00000e+00
-3.96739e-05,0.00000e+00,6.00979e-07,7.91070e+02,0.00000e+00,0.00000e+00,0.00000e+00,-4.04423e-04,1.15291e-01,-6.86429e-03,2.90000e-01
2.35105e-05,0.00000e+00,7.22093e-07,7.97634e+02,0.00000e+00,0.00000e+00,0.00000e+00,2.39659e-04,1.16814e-01,-6.64451e-03,0.00000e+00
2.35105e-05,0.00000e+00,7.22093e-07,7.97634e+02,0.00000e+00,0.00000e+00,0.00000e+00,2.39659e-04,1.16814e-01,-6.64451e-03,2.90000e-01
9.35811e-05,0.00000e+00,8.62954e-07,8.04540e+02,0.00000e+00,0.00000e+00,0.00000e+00,9.53936e-04,1.18334e-01,-6.40452e-03,0.00000e+00
9.35811e-05,0.00000e+00,8.62954e-07,8.04540e+02,0.00000e+00,0.00000e+00,0.00000e+00,9.53936e-04,1.18334e-01,-6.40452e-03,2.90000e-01
1.70610e-04,0.00000e+00,1.02274e-06,8.11687e+02,0.00000e+00,0.00000e+00,0.00000e+00,1.73914e-03,1.19851e-01,-6.14636e-03,0.00000e+00
1.70610e-04,0.00000e+00,1.02274e-06,8.11687e+02,0.00000e+00,0.00000e+00,0.00000e+00,1.73914e-03,1.19851e-01,-6.14636e-03,2.90000e-01
2.54818e-04,0.00000e+00,1.19943e-06,8.19000e+02,0.00000e+00,0.00000e+00,0.00000e+00,2.59753e-03,1.21365e-01,-5.87197e-03,0.00000e+00
2.54818e-04,0.00000e+00,1.19943e-06,8.19000e+02,0.00000e+00,0.00000e+00,0.00000e+00,2.59753e-03,1.21365e-01,-5.87197e-03,2.90000e-01
3.45854e-04,0.00000e+00,1.40613e-06,8.26382e+02,0.00000e+00,0.00000e+00,0.00000e+00,3.52553e-03,1.22876e-01,-5.58329e-03,0.00000e+00
3.45854e-04,0.00000e+00,1.40613e-06,8.26382e+02,0.00000e+00,0.00000e+00,0.00000e+00,3.52553e-03,1.22876e-01,-5.58329e-03,2.90000e-01
4.42655e-04,0.00000e+00,1.64480e-06,8.33753e+02,0.00000e+00,0.00000e+00,0.00000e+00,4.51228e-03,1.24385e-01,-5.28219e-03,0.00000e+00
4.42655e-04,0.00000e+00,1.64480e-06,8.33753e+02,0.00000e+00,0.00000e+00,0.00000e+00,4.51228e-03,1.24385e-01,-5.28219e-03,2.90000e-01
5.44447e-04,0.00000e+00,1.89979e-06,8.41062e+02,0.00000e+00,0.00000e+00,0.00000e+00,5.54991e-03,1.25892e-01,-4.97055e-03,0.00000e+00
5.44447e-04,0.00000e+00,1.89979e-06,8.41062e+02,0.00000e+00,0.00000e+00,0.00000e+00,5.54991e-03,1.25892e-01,-4.97055e-03,2.90000e-01
6.50192e-04,0.00000e+00,2.16964e-06,8.48167e+02,0.00000e+00,0.00000e+00,0.00000e+00,6.62785e-03,1.27397e-01,-4.65017e-03,0.00000e+00
6.50192e-04,0.00000e+00,2.16964e-06,8.48167e+02,0.00000e+00,0.00000e+00,0.00000e+00,6.62785e-03,1.27397e-01,-4.65017e-03,2.90000e-01
7.58300e-04,0.00000e+00,2.45655e-06,8.54886e+02,0.00000e+00,0.00000e+00,0.00000e+00,7.72987e-03,1.28901e-01,-4.32287e-03,0.00000e+00
7.58300e-04,0.00000e+00,2.45655e-06,8.54886e+02,0.00000e+00,0.00000e+00,0.00000e+00,7.72987e-03,1.28901e-01,-4.32287e-03,2.90000e-01
8.66973e-04,0.00000e+00,2.74374e-06,8.61573e+02,0.00000e+00,0.00000e+00,0.00000e+00,8.83765e-03,1.30403e-01,-3.99040e-03,0.00000e+00
8.66973e-04,0.00000e+00,2.74374e-06,8.61573e+02,0.00000e+00,0.00000e+00,0.00000e+00,8.83765e-03,1.30403e-01,-3.99040e-03,2.90000e-01
9.74207e-04,0.00000e+00,3.02408e-06,8.67889e+02,0.00000e+00,0.00000e+00,0.00000e+00,9.93076e-03,1.31905e-01,-3.65453e-03,0.00000e+00
9.74207e-04,0.00000e+00,3.02408e-06,8.67889e+02,0.00000e+00,0.00000e+00,0.00000e+00,9.93076e-03,1.31905e-01,-3.65453e-03,2.90000e-01
1.07780e-03,0.00000e+00,3.29194e-06,8.73743e+02,0.00000e+00,0.00000e+00,0.00000e+00,1.09867e-02,1.33406e-01,-3.31700e-03,0.00000e+00
1.07780e-03,0.00000e+00,3.29194e-06,8.73743e+02,0.00000e+00,0.00000e+00,0.00000e+00,1.09867e-02,1.33406e-01,-3.31700e-03,2.90000e-01
1.17553e-03,0.00000e+00,3.53147e-06,8.79607e+02,0.00000e+00,0.00000e+00,0.00000e+00,1.19830e-02,1.34907e-01,-2.97956e-03,0.00000e+00
1.17553e-03,0.00000e+00,3.53147e-06,8.79607e+02,0.00000e+00,0.00000e+00,0.00000e+00,1.19830e-02,1.34907e-01,-2.97956e-03,2.90000e-01
1.26538e-03,0.00000e+00,3.74287e-06,8.84799e+02,0.00000e+00,0.00000e+00,0.00000e+00,1.28989e-02,1.36409e-01,-2.64395e-03,0.00000e+00
1.26538e-03,0.00000e+00,3.74287e-06,8.84799e+02,0.00000e+00,0.00000e+00,0.00000e+00,1.28989e-02,1.36409e-01,-2.64395e-03,2.90000e-01
1.34559e-03,0.00000e+00,3.91674e-06,8.89580e+02,0.00000e+00,0.00000e+00,0.00000e+00,1.37166e-02,1.37911e-01,-2.31190e-03,0.00000e+00
1.34559e-03,0.00000e+00,3.91674e-06,8.89580e+02,0.00000e+00,0.00000e+00,0.00000e+00,1.37166e-02,1.37911e-01,-2.31190e-03,2.90000e-01
1.41477e-03,0.00000e+00,4.04491e-06,8.94053e+02,0.00000e+00,0.00000e+00,0.00000e+00,1.44217e-02,1.39415e-01,-1.98519e-03,0.00000e+00
1.41477e-03,0.00000e+00,4.04491e-06,8.94053e+02,0.00000e+00,0.00000e+00,0.00000e+00,1.44217e-02,1.39415e-01,-1.98519e-03,2.90000e-01
1.47188e-03,0.00000e+00,4.11833e-06,8.97789e+02,0.00000e+00,0.00000e+00,0.00000e+00,1.50039e-02,1.40920e-01,-1.66558e-03,0.00000e+00
1.47188e-03,0.00000e+00,4.11833e-06,8.97789e+02,0.00000e+00,0.00000e+00,0.00000e+00,1.50039e-02,1.40920e-01,-1.66558e-03,2.90000e-01
1.51646e-03,0.00000e+00,4.12994e-06,9.00930e+02,0.00000e+00,0.00000e+00,0.00000e+00,1.54584e-02,1.42427e-01,-1.35487e-03,0.00000e+00
1.51646e-03,0.00000e+00,4.12994e-06,9.00930e+02,0.00000e+00,0.00000e+00,0.00000e+00,1.54584e-02,1.42427e-01,-1.35487e-03,2.90000e-01
1.54873e-03,0.00000e+00,4.08547e-06,9.03388e+02,0.00000e+00,0.00000e+00,0.00000e+00,1.57873e-02,1.43937e-01,-1.05490e-03,0.00000e+00
1.54873e-03,0.00000e+00,4.08547e-06,9.03388e+02,0.00000e+00,0.00000e+00,0.00000e+00,1.57873e-02,1.43937e-01,-1.05490e-03,2.90000e-01
1.56948e-03,0.00000e+00,3.96800e-06,9.05586e+02,0.00000e+00,0.00000e+00,0.00000e+00,1.59987e-02,1.45448e-01,-7.67513e-04,0.00000e+00
1.56948e-03,0.00000e+00,3.96800e-06,9.05586e+02,0.00000e+00,0.00000e+00,0.00000e+00,1.59987e-02,1.45448e-01,-7.67513e-04,2.90000e-01
1.58031e-03,0.00000e+00,3.77486e-06,9.07247e+02,0.00000e+00,0.00000e+00,0.00000e+00,1.61092e-02,1.46963e-01,-4.94608e-04,0.00000e+00
1.58031e-03,0.00000e+00,3.77486e-06,9.07247e+02,0.00000e+00,0.00000e+00,0.00000e+00,1.61092e-02,1.46963e-01,-4.94608e-04,2.90000e-01
1.58371e-03,0.00000e+00,3.48692e-06,9.08271e+02,0.00000e+00,0.00000e+00,0.00000e+00,1.61438e-02,1.48480e-01,-2.38114e-04,0.00000e+00
1.58371e-03,0.00000e+00,3.48692e-06,9.08271e+02,0.00000e+00,0.00000e+00,0.00000e+00,1.61438e-02,1.48480e-01,-2.38114e-04,2.90000e-01
1.58388e-03,0.00000e+00,3.31068e-06,9.08779e+02,0.00000e+00,0.00000e+00,0.00000e+00,1.61456e-02,1.50000e-01,0.00000e+00,0.00000e+00
1.58388e-03,0.00000e+00,3.31068e-06,9.08779e+02,0.00000e+00,0.00000e+00,0.00000e+00,1.61456e-02,1.50000e-01,0.00000e+00,2.90000e-01
